Current [nA],time
-0.060127,0.0
-0.056421000000000006,0.020709753036499023
-0.030032,0.04180192947387695
-0.06324,0.06281876564025879
-0.064426,0.08376574516296387
-0.045301999999999995,0.10459280014038086
-0.068874,0.12541484832763672
-0.04545,0.146256685256958
-0.111429,0.167097806930542
-0.045308999999999995,0.1879749298095703
-0.06043,0.2088148593902588
-0.059986000000000005,0.2296597957611084
-0.055538,0.2505037784576416
-0.040268,0.2713508605957031
-0.063099,0.2921907901763916
-0.038637,0.3130307197570801
-0.067991,0.33396077156066895
-0.056428,0.35480475425720215
-0.06904400000000001,0.37572169303894043
-0.07527,0.3965628147125244
-0.0812,0.417407751083374
-0.065337,0.4382507801055908
-0.049326,0.45950889587402344
-0.0431,0.4808647632598877
-0.058814,0.5021476745605469
-0.07438099999999999,0.5234308242797852
-0.075419,0.5447947978973389
-0.065041,0.5660758018493652
-0.077791,0.5874028205871582
-0.061778999999999994,0.6087076663970947
-0.049178,0.6300249099731445
-0.054515,0.6513359546661377
-0.065189,0.6726508140563965
-0.052884,0.6937787532806396
-0.06163099999999999,0.714993953704834
-0.047547000000000006,0.7362968921661377
-0.05940700000000001,0.7576048374176025
-0.068451,0.7789177894592285
-0.053626,0.8002347946166992
-0.043544,0.8213098049163818
-0.048585,0.8426318168640137
-0.07186100000000001,0.8640248775482178
-0.094395,0.8853418827056885
-0.055849,0.906653881072998
-0.077049,0.9278929233551025
-0.039689999999999996,0.9492077827453613
-0.067709,0.9705178737640381
-0.073491,0.991844892501831
-0.046508999999999995,1.0131547451019287
-0.065486,1.0344657897949219
-0.071416,1.0558018684387207
-0.070675,1.0767736434936523
-0.038058999999999996,1.097653865814209
-0.046064999999999995,1.1184918880462646
-0.056146,1.1393449306488037
-0.070971,1.160193920135498
-0.043989,1.181032657623291
-0.037021,1.2018778324127197
-0.083328,1.2227237224578857
-0.043151,1.2436378002166748
-0.081993,1.264481782913208
-0.070875,1.2854008674621582
-0.032032,1.306567907333374
-0.062572,1.3278307914733887
-0.056642,1.3488008975982666
-0.049823,1.3701097965240479
-0.047747000000000005,1.3914947509765625
-0.051009,1.4128859043121338
-0.088813,1.4341998100280762
-0.061979,1.4555127620697021
-0.08481,1.476902723312378
-0.060941999999999996,1.4982168674468994
-0.059311,1.5195236206054688
-0.08540299999999999,1.5409128665924072
-0.056939,1.5622258186340332
-0.06361,1.58353590965271
-0.038407,1.6049168109893799
-0.051157,1.6262357234954834
-0.050416,1.6475367546081543
-0.048487999999999996,1.668928861618042
-0.056642,1.690246820449829
-0.053084000000000006,1.7116408348083496
-0.034405,1.7329576015472412
-0.062721,1.7542707920074463
-0.026547,1.7756857872009277
-0.056790999999999994,1.7969906330108643
-0.070726,1.818307638168335
-0.038407,1.8396918773651123
-0.015725,1.8610038757324219
-0.033367,1.8820908069610596
-0.027881,1.9033968448638916
-0.071616,1.9244027137756348
-0.058570000000000004,1.9455077648162842
-0.050861,1.9667057991027832
-0.055901,1.9880878925323486
-0.0645,2.009168863296509
-0.032181,2.030489683151245
-0.05753200000000001,2.051849842071533
-0.06908099999999999,2.072817802429199
-0.052625,2.0937278270721436
-0.088798,2.1146509647369385
-0.06493,2.135483980178833
-0.039282,2.156359910964966
-0.038985,2.177212715148926
-0.051142,2.1980538368225098
-0.07338,2.218897819519043
-0.044619,2.2398736476898193
-0.059889,2.260713815689087
-0.08405399999999999,2.281566858291626
-0.048474,2.302417755126953
-0.027867000000000003,2.3232617378234863
-0.07649299999999999,2.344115734100342
-0.061965,2.364964723587036
-0.070711,2.3858137130737305
-0.06478099999999999,2.406644821166992
-0.048177,2.4274919033050537
-0.06997,2.4484148025512695
-0.074418,2.4692609310150146
-0.035279000000000005,2.4901046752929688
-0.059296,2.5109498500823975
-0.023419,2.531846761703491
-0.074862,2.5526928901672363
-0.063299,2.5735387802124023
-0.037058,2.5943877696990967
-0.05840599999999999,2.6152398586273193
-0.047288,2.6361019611358643
-0.065819,2.656953811645508
-0.047139,2.677809000015259
-0.063447,2.698654890060425
-0.034093,2.719491958618164
-0.056034,2.7404277324676514
-0.063447,2.7612688541412354
-0.084944,2.782132625579834
-0.037058,2.80338978767395
-0.06463300000000001,2.824314832687378
-0.038541000000000006,2.845599889755249
-0.057812999999999996,2.8669018745422363
-0.038541000000000006,2.888288736343384
-0.053551,2.9096028804779053
-0.050733999999999994,2.9305367469787598
-0.051327,2.951900005340576
-0.058442999999999995,2.9731287956237793
-0.026273,2.994442939758301
-0.080978,3.0157077312469482
-0.068969,3.036754846572876
-0.076975,3.057894706726074
-0.081126,3.078929901123047
-0.068228,3.0998787879943848
-0.079347,3.1207199096679688
-0.050438,3.1417906284332275
-0.051772000000000006,3.163071870803833
-0.053699000000000004,3.184354782104492
-0.056664,3.2053327560424805
-0.054885,3.2261757850646973
-0.062595,3.246992826461792
-0.056220000000000006,3.2678349018096924
-0.053848,3.2886807918548584
-0.056220000000000006,3.309508800506592
-0.054589,3.3303287029266357
-0.02568,3.350994825363159
-0.050586,3.3716938495635986
-0.063929,3.392429828643799
-0.043767,3.4133107662200928
-0.073713,3.434260845184326
-0.059333000000000004,3.455458879470825
-0.082312,3.476578712463379
-0.062446,3.497591972351074
-0.057257,3.518582820892334
-0.073417,3.539853811264038
-0.038133,3.560863733291626
-0.07994,3.5818698406219482
-0.032499,3.6028547286987305
-0.056664,3.6239099502563477
-0.069118,3.6448986530303955
-0.056664,3.6658778190612793
-0.086018,3.686767816543579
-0.05192000000000001,3.7076566219329834
-0.054144000000000005,3.7284748554229736
-0.054774,3.749215841293335
-0.054774,3.769887685775757
-0.057146,3.790444850921631
-0.038022,3.8111867904663086
-0.044989999999999995,3.831995725631714
-0.050178,3.8527708053588867
-0.053144000000000004,3.8735249042510986
-0.046472,3.894439697265625
-0.05685,3.9152207374572754
-0.053885,3.936184883117676
-0.03565,3.957115650177002
-0.042618,3.978285789489746
-0.031201999999999997,3.9992709159851074
-0.07968099999999999,4.020253896713257
-0.046769,4.041473627090454
-0.047362,4.062687873840332
-0.076864,4.083756685256958
-0.047510000000000004,4.104667901992798
-0.072268,4.1255269050598145
-0.076419,4.146370887756348
-0.046472,4.167214632034302
-0.068562,4.188117980957031
-0.043952,4.208958864212036
-0.054626,4.2297937870025635
-0.079236,4.2506349086761475
-0.053737,4.271468877792358
-0.071527,4.292285919189453
-0.01608,4.313137769699097
-0.069896,4.334024906158447
-0.039652999999999994,4.354860782623291
-0.07849500000000001,4.375773668289185
-0.064559,4.396686792373657
-0.082942,4.417636871337891
-0.061594,4.438662767410278
-0.061594,4.45965576171875
-0.038318,4.480512857437134
-0.06263200000000001,4.5014567375183105
-0.069303,4.522312879562378
-0.055219000000000004,4.5431599617004395
-0.059667,4.563997745513916
-0.054952,4.5848376750946045
-0.033456,4.605684757232666
-0.059696000000000006,4.626539707183838
-0.067109,4.64738392829895
-0.064885,4.6682257652282715
-0.033456,4.689067840576172
-0.0806,4.710237741470337
-0.05851,4.731492757797241
-0.07126,4.752563714981079
-0.068591,4.773415803909302
-0.039682,4.794245719909668
-0.035976,4.815073728561401
-0.054655999999999996,4.835920810699463
-0.043537,4.856760740280151
-0.094684,4.877589702606201
-0.07348400000000001,4.898415803909302
-0.06977699999999999,4.919245719909668
-0.050653,4.940180778503418
-0.061030999999999995,4.96102499961853
-0.059993,4.981870889663696
-0.049763,5.002685785293579
-0.070815,5.0238938331604
-0.063106,5.0448877811431885
-0.07170499999999999,5.065738677978516
-0.060288999999999995,5.086666822433472
-0.06533,5.10753870010376
-0.076894,5.1284589767456055
-0.051394,5.1493237018585205
-0.038645,5.170293807983398
-0.048132999999999995,5.191526889801025
-0.054804,5.212819814682007
-0.070667,5.234039783477783
-0.042944,5.255266904830933
-0.062513,5.276484966278076
-0.06325399999999999,5.297696828842163
-0.079266,5.318911790847778
-0.035383,5.3401408195495605
-0.044723,5.361364841461182
-0.048726,5.382589817047119
-0.046057,5.403868913650513
-0.052929,5.425081729888916
-0.061824000000000004,5.446067810058594
-0.048777999999999995,5.466966867446899
-0.07813200000000001,5.48778772354126
-0.061824000000000004,5.508628845214844
-0.04181,5.529460906982422
-0.06879199999999999,5.550295829772949
-0.04092,5.571135759353638
-0.07487,5.591984748840332
-0.082134,5.612839698791504
-0.043588999999999996,5.6336448192596436
-0.06627100000000001,5.654473781585693
-0.064937,5.675350904464722
-0.086285,5.69623589515686
-0.067013,5.717010736465454
-0.042996,5.7378599643707275
-0.064937,5.758646726608276
-0.045663999999999996,5.77949070930481
-0.08925,5.800404787063599
-0.038845,5.82122278213501
-0.039586,5.842075824737549
-0.036324,5.862855672836304
-0.079169,5.883707761764526
-0.065827,5.904576778411865
-0.047147,5.925407648086548
-0.057673,5.946353912353516
-0.049519,5.967212677001953
-0.065827,5.988090753555298
-0.060934,6.009074926376343
-0.06301,6.0299859046936035
-0.051446000000000006,6.050834894180298
-0.031580000000000004,6.071781635284424
-0.029505,6.092697858810425
-0.06538200000000001,6.113542795181274
-0.061230999999999994,6.134422779083252
-0.034842000000000005,6.1552348136901855
-0.067902,6.176175832748413
-0.049519,6.197152853012085
-0.04092,6.218117952346802
-0.067606,6.239292860031128
-0.037977,6.260446786880493
-0.08111900000000001,6.2816548347473145
-0.07,6.302872657775879
-0.063773,6.324105739593506
-0.0445,6.345090627670288
-0.037236,6.3658976554870605
-0.043907,6.386741876602173
-0.072224,6.4077348709106445
-0.015590999999999999,6.428738832473755
-0.037533,6.449668884277344
-0.033678,6.470548629760742
-0.049689,6.491415739059448
-0.049393,6.512229681015015
-0.06481100000000001,6.533061742782593
-0.073113,6.553931713104248
-0.07,6.574812889099121
-0.112252,6.595702886581421
-0.054729999999999994,6.616535902023315
-0.062735,6.637417793273926
-0.06407,6.658301830291748
-0.044649,6.6791558265686035
-0.071038,6.7000226974487305
-0.064218,6.720871686935425
-0.05725,6.741806745529175
-0.048058,6.7626707553863525
-0.09372,6.783528804779053
-0.062291,6.804468870162964
-0.074151,6.825383901596069
-0.060215,6.846246719360352
-0.024338,6.867106676101685
-0.070296,6.8880226612091064
-0.07059299999999999,6.908864736557007
-0.064959,6.929681777954102
-0.036495,6.950617790222168
-0.061846000000000005,6.971466779708862
-0.038718999999999996,6.992379903793335
-0.051320000000000005,7.013219833374023
0.007388,7.034050941467285
-0.05873300000000001,7.054876804351807
-0.05873300000000001,7.075785875320435
-0.062179,7.096959829330444
-0.05284,7.118161916732788
-0.057879999999999994,7.1393656730651855
-0.044389,7.160554885864258
-0.040979,7.1817626953125
-0.063662,7.2029807567596436
-0.027044,7.224268913269043
-0.034308,7.2454938888549805
-0.063959,7.2667317390441895
-0.068851,7.288118839263916
-0.06099299999999999,7.309426784515381
-0.041868999999999996,7.330741882324219
-0.061586,7.352074861526489
-0.078635,7.373384952545166
-0.052988,7.3946967124938965
-0.065441,7.416093826293945
-0.056398000000000004,7.437318801879883
-0.060252,7.458618879318237
-0.046317000000000004,7.479681730270386
-0.058918,7.500986814498901
-0.077894,7.52229380607605
-0.056101,7.543679714202881
-0.043203,7.564650774002075
-0.035939,7.585619926452637
-0.045279,7.606929779052734
-0.05536,7.6282429695129395
-0.068851,7.649551868438721
-0.035198,7.670868873596191
-0.051654,7.6922478675842285
-0.06603400000000001,7.713559865951538
-0.074336,7.7345287799835205
-0.042017,7.755894899368286
-0.07656,7.777212858200073
-0.039349,7.798518896102905
-0.051504999999999995,7.819899797439575
-0.052690999999999995,7.8412089347839355
-0.062624,7.862300872802734
-0.059065999999999994,7.8836658000946045
-0.079377,7.904975891113281
-0.07908,7.926060914993286
-0.06664199999999999,7.9473876953125
-0.04648,7.968373775482178
-0.056709,7.989681720733643
-0.07361000000000001,8.010795831680298
-0.0702,8.032127857208252
-0.05745,8.053078889846802
-0.066197,8.074237823486328
-0.048702999999999996,8.095224857330322
-0.053002999999999995,8.116198778152466
-0.057005999999999994,8.137235879898071
-0.059822,8.158223628997803
-0.036695,8.179483890533447
-0.076723,8.200771808624268
-0.084136,8.221806764602661
-0.07865,8.242937803268433
-0.051965,8.264217853546143
-0.072424,8.285443782806396
-0.063677,8.30666470527649
-0.058636,8.3278968334198
-0.035361000000000004,8.349210739135742
-0.056857000000000005,8.37047266960144
-0.05255800000000001,8.391856670379639
-0.082357,8.413172721862793
-0.062342999999999996,8.434481620788574
-0.072424,8.455859899520874
-0.053448,8.476807832717896
-0.064715,8.497867822647095
-0.048407,8.519093751907349
-0.073313,8.540294885635376
-0.043811,8.561522722244263
-0.057895,8.582842826843262
-0.050927,8.604219913482666
-0.03625,8.62517499923706
-0.06842100000000001,8.646390676498413
-0.047073000000000004,8.66737174987793
-0.042625,8.688678741455078
-0.060564,8.709996700286865
-0.064715,8.731308937072754
-0.053596000000000005,8.75262188911438
-0.047369,8.773928880691528
-0.060578999999999994,8.79524278640747
-0.086967,8.816555738449097
-0.054797000000000005,8.837869882583618
-0.06754600000000001,8.859188795089722
-0.096604,8.88049578666687
-0.07925800000000001,8.901809930801392
-0.056576,8.92284870147705
-0.085188,8.944188833236694
-0.06428500000000001,8.96548080444336
-0.0757,8.98686695098877
-0.049904000000000004,9.008315801620483
-0.072439,9.029646873474121
-0.04605,9.05093789100647
-0.076738,9.07221269607544
-0.079703,9.093288660049438
-0.050794,9.1142258644104
-0.037155,9.13512372970581
-0.07421799999999999,9.15635085105896
-0.042343,9.17762279510498
-0.07599700000000001,9.198915719985962
-0.045160000000000006,9.220276832580566
-0.067991,9.241654872894287
-0.091711,9.26294493675232
-0.045752999999999995,9.284166812896729
-0.047681,9.305562734603882
-0.0545,9.326902866363525
-0.105499,9.347962856292725
-0.067398,9.368830680847168
-0.08756,9.390012741088867
-0.081482,9.411309957504272
-0.056576,9.43260383605957
-0.050497,9.453847646713257
-0.051089999999999997,9.474998712539673
-0.067843,9.496360778808594
-0.06428500000000001,9.51765775680542
-0.050942,9.538734912872314
-0.072883,9.560125827789307
-0.062358000000000004,9.58112382888794
-0.056278999999999996,9.602436780929565
-0.043233,9.623742818832397
-0.088465,9.645068883895874
-0.074529,9.66637372970581
-0.058369000000000004,9.687696695327759
-0.068006,9.709028720855713
-0.07897699999999999,9.730334758758545
-0.060297,9.751231670379639
-0.078828,9.772027730941772
-0.056589999999999994,9.79284381866455
-0.063114,9.813682794570923
-0.070526,9.834531784057617
-0.05525599999999999,9.855357646942139
-0.058073,9.876222848892212
-0.061038,9.897071838378906
-0.037614,9.917918920516968
-0.05940700000000001,9.938769817352295
-0.044137,9.959670782089233
-0.090392,9.980609893798828
-0.06252100000000001,10.001816987991333
-0.08683400000000001,10.023034811019897
-0.038355,10.044330835342407
-0.092912,10.065549850463867
-0.077791,10.086525917053223
-0.081942,10.107386827468872
-0.082386,10.1282217502594
-0.089354,10.149050951004028
-0.077049,10.169867753982544
-0.065634,10.19079065322876
-0.06163099999999999,10.211881637573242
-0.073639,10.232821702957153
-0.05940700000000001,10.253767967224121
-0.041469,10.27463674545288
-0.055553,10.295447826385498
-0.040431,10.316333770751953
-0.051846,10.337174892425537
-0.06919199999999999,10.35801887512207
-0.048733,10.378858804702759
-0.058221,10.399768829345703
-0.05407000000000001,10.420616865158081
-0.063262,10.441460847854614
-0.07275,10.462301969528198
-0.073143,10.48314881324768
-0.071512,10.504003763198853
-0.052832000000000004,10.524845838546753
-0.068399,10.545689821243286
-0.084855,10.56653380393982
-0.07210499999999999,10.587382793426514
-0.064989,10.608224868774414
-0.061283000000000004,10.629072666168213
-0.040824,10.649919748306274
-0.066175,10.670763731002808
-0.057132,10.691677808761597
-0.07017799999999999,10.712526798248291
-0.073588,10.733367919921875
-0.07166,10.754226922988892
-0.038007,10.775160789489746
-0.06439600000000001,10.796018838882446
-0.064099,10.816863775253296
-0.07758999999999999,10.83771276473999
-0.054611,10.858555793762207
-0.07284600000000001,10.879421710968018
-0.067213,10.900271892547607
-0.077442,10.92113971710205
-0.06914,10.942119836807251
-0.07951799999999999,10.963039636611938
-0.047792,10.983966827392578
-0.054759,11.004884958267212
-0.068843,11.025796890258789
-0.059652,11.04672384262085
-0.071512,11.067715644836426
-0.057132,11.088629722595215
-0.070326,11.109543800354004
-0.074625,11.130464792251587
-0.052684,11.151383876800537
-0.055352,11.172302722930908
-0.082186,11.193221807479858
-0.05297999999999999,11.21414589881897
-0.062024,11.23537278175354
-0.026147000000000004,11.256632804870605
-0.07106699999999999,11.277915716171265
-0.092119,11.29921269416809
-0.043292000000000004,11.32054877281189
-0.091474,11.34154486656189
-0.073684,11.362830877304077
-0.063454,11.383903741836548
-0.069385,11.404903888702393
-0.058414,11.426143884658813
-0.053225,11.447453737258911
-0.069088,11.46883773803711
-0.057821000000000004,11.49010181427002
-0.07235,11.51148772239685
-0.07146,11.532941818237305
-0.0808,11.554324865341187
-0.081096,11.575786828994751
-0.05708,11.596704721450806
-0.05367,11.618014812469482
-0.08376499999999999,11.639325857162476
-0.045516,11.660642862319946
-0.050557,11.681919813156128
-0.07724199999999999,11.703224897384644
-0.063454,11.724551916122437
-0.048481,11.745771884918213
-0.07724199999999999,11.76699185371399
-0.074425,11.788285732269287
-0.03588,11.80950379371643
-0.04685,11.830719709396362
-0.072201,11.851757764816284
-0.058116999999999995,11.87307596206665
-0.06642,11.894384860992432
-0.084655,11.91576886177063
-0.080652,11.936763763427734
-0.072498,11.957639694213867
-0.074573,11.978558778762817
-0.087768,11.999417781829834
-0.088657,12.020257711410522
-0.080059,12.041101932525635
-0.04433,12.061946868896484
-0.062861,12.082762718200684
-0.06464,12.103691816329956
-0.060786,12.12452483177185
-0.07487,12.145362854003906
-0.046035,12.166192770004272
-0.062342999999999996,12.187020778656006
-0.062936,12.207920789718628
-0.078502,12.22875189781189
-0.087101,12.249583959579468
-0.077316,12.270415782928467
-0.049296,12.291270732879639
-0.052261,12.312168836593628
-0.087397,12.332982778549194
-0.079836,12.353818893432617
-0.073758,12.374651908874512
-0.084729,12.395467758178711
-0.061600999999999996,12.416364669799805
-0.062046000000000004,12.437195777893066
-0.057598,12.458033800125122
-0.062491,12.478866815567017
-0.075685,12.499769926071167
-0.072572,12.52060079574585
-0.053596000000000005,12.541430711746216
-0.081615,12.562250852584839
-0.056561,12.583152770996094
-0.068866,12.604083776473999
-0.062491,12.624928712844849
-0.060119000000000006,12.645769834518433
-0.07272,12.666619777679443
-0.057598,12.687459945678711
-0.064863,12.70836877822876
-0.077761,12.729209899902344
-0.096589,12.750053882598877
-0.042032,12.770894765853882
-0.072572,12.791813850402832
-0.050334,12.812699794769287
-0.058636,12.833549976348877
-0.069607,12.854379892349243
-0.078799,12.875234842300415
-0.066049,12.896142959594727
-0.067087,12.916990756988525
-0.047369,12.937928915023804
-0.06337999999999999,12.958841800689697
-0.065011,12.97981572151184
-0.032707,13.00066089630127
-0.054797000000000005,13.021501779556274
-0.069029,13.042340755462646
-0.016103,13.063185930252075
-0.041306,13.083971738815308
-0.049163,13.104912757873535
-0.070363,13.125833988189697
-0.067398,13.146761894226074
-0.069325,13.167751789093018
-0.061616,13.18859577178955
-0.07911,13.2094407081604
-0.063247,13.23035478591919
-0.049756,13.251285791397095
-0.078962,13.272216796875
-0.049904000000000004,13.293139696121216
-0.054648,13.314064741134644
-0.078072,13.334985733032227
-0.06354299999999999,13.355984926223755
-0.077183,13.376921892166138
-0.069029,13.39783263206482
-0.071252,13.418749809265137
-0.077776,13.439740657806396
-0.081482,13.460662841796875
-0.056278999999999996,13.48158884048462
-0.05939199999999999,13.502510786056519
-0.07273500000000001,13.523431777954102
-0.060134,13.544359922409058
-0.066508,13.565693855285645
-0.046791,13.587056636810303
-0.094676,13.608380794525146
-0.069029,13.629655838012695
-0.05494500000000001,13.65093183517456
-0.033152,13.672228813171387
-0.07273500000000001,13.69351577758789
-0.045901,13.714802742004395
-0.06354299999999999,13.736158847808838
-0.079703,13.757432699203491
-0.063099,13.778568744659424
-0.059096,13.79993486404419
-0.059837,13.820932626724243
-0.05255800000000001,13.842248678207397
-0.077168,13.863640785217285
-0.057153999999999996,13.884955644607544
-0.075833,13.906270742416382
-0.06441799999999999,13.927267789840698
-0.066049,13.94856572151184
-0.077019,13.969831705093384
-0.06175,13.991050004959106
-0.077761,14.012367010116577
-0.09703400000000001,14.03358769416809
-0.074796,14.054688692092896
-0.083246,14.075908899307251
-0.095106,14.096958875656128
-0.047073000000000004,14.117904901504517
-0.067087,14.138828754425049
-0.071089,14.159818887710571
-0.075833,14.180739641189575
-0.063825,14.201660871505737
-0.070496,14.222567796707153
-0.086359,14.243546724319458
-0.051075,14.264512777328491
-0.067976,14.285736799240112
-0.086063,14.307009935379028
-0.055375,14.328057765960693
-0.073758,14.349348783493042
-0.063529,14.370647668838501
-0.04559,14.391954898834229
-0.06515900000000001,14.412824869155884
-0.071979,14.433799982070923
-0.055671000000000005,14.455022811889648
-0.062046000000000004,14.47625184059143
-0.089917,14.497217893600464
-0.054189,14.51838493347168
-0.079688,14.539708852767944
-0.077909,14.561002731323242
-0.054633,14.582299947738647
-0.067976,14.603543758392334
-0.07168200000000001,14.624903917312622
-0.078057,14.646198749542236
-0.039215,14.667500019073486
-0.074685,14.68887186050415
-0.072757,14.710120916366577
-0.06238,14.731416940689087
-0.081652,14.752433776855469
-0.061341999999999994,14.773382663726807
-0.055412,14.794305801391602
-0.061045,14.815226793289185
-0.066827,14.836277723312378
-0.041476,14.857150793075562
-0.06979199999999999,14.878018856048584
-0.08358,14.898871660232544
-0.0861,14.919900894165039
-0.073054,14.94088077545166
-0.093809,14.961801767349243
-0.042366,14.982725858688354
-0.078687,15.00370979309082
-0.081949,15.024633884429932
-0.081652,15.045548677444458
-0.060601,15.066473722457886
-0.05215,15.087368965148926
-0.08387599999999999,15.108275890350342
-0.057636,15.129181623458862
-0.057487,15.150088787078857
-0.081208,15.170998811721802
-0.06504800000000001,15.19198489189148
-0.051704999999999994,15.212893962860107
-0.090548,15.23380994796753
-0.058228999999999996,15.254721879959106
-0.052743,15.275699853897095
-0.060897,15.296607732772827
-0.08239400000000001,15.317518949508667
-0.05689400000000001,15.338434934616089
-0.052447,15.35934591293335
-0.062973,15.380252838134766
-0.057636,15.401094913482666
-0.082097,15.421936750411987
-0.062824,15.443089723587036
-0.078243,15.464296817779541
-0.072757,15.485586881637573
-0.06401,15.506863832473755
-0.05807999999999999,15.52827501296997
-0.058673,15.549562692642212
-0.041476,15.57087779045105
-0.04622,15.59237265586853
-0.055412,15.613684892654419
-0.046368,15.634969711303711
-0.053485000000000005,15.656294822692871
-0.070089,15.677605867385864
-0.037176999999999995,15.698917865753174
-0.08269,15.720306634902954
-0.06756799999999999,15.741618871688843
-0.048444,15.762932777404785
-0.06979199999999999,15.784008979797363
-0.054225999999999996,15.805318832397461
-0.05304,15.826629877090454
-0.046368,15.848007678985596
-0.05807999999999999,15.869197845458984
-0.080911,15.890500783920288
-0.059563,15.911878824234009
-0.041773000000000005,15.933038711547852
-0.06653099999999999,15.954087734222412
-0.093068,15.975124835968018
-0.063566,15.996164798736572
-0.05807999999999999,16.017149925231934
-0.082245,16.03799080848694
-0.078539,16.058708906173706
-0.072461,16.07970666885376
-0.062824,16.100651741027832
-0.071423,16.121529817581177
-0.045479,16.142392873764038
-0.093364,16.16325569152832
-0.066086,16.184102773666382
-0.062973,16.204936742782593
-0.049777999999999996,16.225766897201538
-0.057932000000000004,16.24660086631775
-0.055115,16.26743173599243
-0.08017,16.28825879096985
-0.085507,16.309086799621582
-0.065196,16.329923629760742
-0.049185,16.35084581375122
-0.055730999999999996,16.371832609176636
-0.065663,16.39275574684143
-0.065219,16.413678884506226
-0.077227,16.43460488319397
-0.078265,16.455524921417236
-0.067591,16.47651982307434
-0.076041,16.497439861297607
-0.07396599999999999,16.51836371421814
-0.060771000000000006,16.53929376602173
-0.08656699999999999,16.560227870941162
-0.070259,16.58114767074585
-0.060326,16.60207486152649
-0.059289,16.62296986579895
-0.07337300000000001,16.644315719604492
-0.06640499999999999,16.665583848953247
-0.050838,16.686564683914185
-0.063588,16.708072662353516
-0.08315700000000001,16.729304790496826
-0.047873,16.75062370300293
-0.046984,16.771944761276245
-0.061809,16.793280839920044
-0.049651999999999995,16.81433868408203
-0.06818400000000001,16.83570671081543
-0.089087,16.85695195198059
-0.05246900000000001,16.87819480895996
-0.05246900000000001,16.899434804916382
-0.050987,16.92092776298523
-0.047132,16.942174911499023
-0.061512,16.963507652282715
-0.08716,16.98500370979309
-0.06344,17.006392002105713
-0.082564,17.027848720550537
-0.062254,17.04923391342163
-0.07811699999999999,17.070619821548462
-0.065515,17.091747760772705
-0.05276599999999999,17.11265993118286
-0.055286,17.13369083404541
-0.08123,17.15497875213623
-0.072631,17.176249980926514
-0.054248000000000005,17.197641849517822
-0.067116,17.218777894973755
-0.058814,17.240176916122437
-0.072602,17.261563777923584
-0.071712,17.28259587287903
-0.062224,17.303951740264893
-0.07986599999999999,17.325348615646362
-0.07616,17.346686840057373
-0.04473,17.36804986000061
-0.062669,17.389131784439087
-0.065041,17.410287857055664
-0.08461,17.431686878204346
-0.06815399999999999,17.45301580429077
-0.081942,17.47392177581787
-0.082979,17.4948787689209
-0.07986599999999999,17.515952825546265
-0.067709,17.536986827850342
-0.047399000000000004,17.558011770248413
-0.038207,17.578958988189697
-0.06726499999999999,17.600085735321045
-0.088761,17.621217966079712
-0.07527,17.642476797103882
-0.082386,17.66389298439026
-0.08490700000000001,17.68496084213257
-0.089058,17.706020832061768
-0.066227,17.727238655090332
-0.050660000000000004,17.748511791229248
-0.053922000000000005,17.769490718841553
-0.06341000000000001,17.790530681610107
-0.073639,17.811534881591797
-0.08283099999999999,17.832680702209473
-0.066227,17.853977918624878
-0.061335,17.875361919403076
-0.064596,17.896753787994385
-0.061483,17.917773723602295
-0.052736,17.939189672470093
-0.058963,17.960469722747803
-0.07319500000000001,17.98162579536438
-0.05733200000000001,18.00299382209778
-0.042358,18.02401876449585
-0.07986599999999999,18.044951915740967
-0.101088,18.066043853759766
-0.06743500000000001,18.08727478981018
-0.048311,18.108290672302246
-0.043269999999999996,18.12937879562378
-0.082557,18.15042495727539
-0.072327,18.17173671722412
-0.049348,18.193034887313843
-0.084484,18.214026927947998
-0.069214,18.234947681427002
-0.067583,18.25618577003479
-0.07455099999999999,18.277480840682983
-0.070845,18.298874855041504
-0.043122,18.320326805114746
-0.06876900000000001,18.34161877632141
-0.076923,18.363004684448242
-0.04668,18.384394884109497
-0.082853,18.405727863311768
-0.065804,18.4271137714386
-0.06536,18.44849681854248
-0.04075,18.469663858413696
-0.053350999999999996,18.491119861602783
-0.087894,18.512504816055298
-0.062246,18.533844709396362
-0.062691,18.555240631103516
-0.080185,18.576576948165894
-0.072772,18.597961902618408
-0.061505,18.61935782432556
-0.055723,18.640744924545288
-0.064322,18.662081718444824
-0.09604800000000001,18.683400869369507
-0.081964,18.704635858535767
-0.085225,18.726016998291016
-0.068473,18.747235774993896
-0.073514,18.76829767227173
-0.058688,18.789432764053345
-0.053203,18.810688734054565
-0.049941,18.83193588256836
-0.059874000000000004,18.85323166847229
-0.064322,18.874289751052856
-0.074107,18.89576482772827
-0.057984,18.917157649993896
-0.053388,18.938228845596313
-0.067472,18.95965576171875
-0.095195,18.98108983039856
-0.10157000000000001,19.002135753631592
-0.053388,19.02319884300232
-0.030261,19.044299840927124
-0.046865,19.065391778945923
-0.039008,19.0862717628479
-0.051016000000000006,19.107170820236206
-0.082742,19.128161907196045
-0.062876,19.149049997329712
-0.061689999999999995,19.1699697971344
-0.05309199999999999,19.190894842147827
-0.06006,19.21182680130005
-0.06258,19.232745885849
-0.059022000000000005,19.253663778305054
-0.06702799999999999,19.27458691596985
-0.056798,19.29549765586853
-0.070289,19.31678867340088
-0.08615199999999999,19.338053703308105
-0.06880700000000001,19.35931086540222
-0.086449,19.380576848983765
-0.068362,19.401803731918335
-0.080815,19.422988653182983
-0.058577,19.44423484802246
-0.031595,19.465462684631348
-0.043307,19.48668384552002
-0.085411,19.50769877433777
-0.039897,19.528800010681152
-0.08051799999999999,19.550013780593872
-0.071623,19.57122492790222
-0.033819,19.592535734176636
-0.06465599999999999,19.613724946975708
-0.06465599999999999,19.634699821472168
-0.03456,19.655925989151
-0.063025,19.67714786529541
-0.080074,19.69840383529663
-0.049386,19.719672679901123
-0.091637,19.740904808044434
-0.049970999999999995,19.76186466217041
-0.051601999999999995,19.78278684616089
-0.044634,19.80409574508667
-0.080215,19.825385808944702
-0.061535,19.84677267074585
-0.06716799999999999,19.868130683898926
-0.054863,19.88921284675598
-0.09252,19.91060471534729
-0.059015,19.931739807128906
-0.064055,19.952789783477783
-0.058570000000000004,19.97394871711731
-0.074285,19.994807720184326
-0.06627899999999999,20.016112804412842
-0.039889999999999995,20.037497758865356
-0.08970299999999999,20.05888080596924
-0.082587,20.080344915390015
-0.062127999999999996,20.10140085220337
-0.054715,20.122363805770874
-0.06627899999999999,20.14329767227173
-0.060941999999999996,20.16420888900757
-0.06716799999999999,20.185276746749878
-0.06435199999999999,20.206568956375122
-0.063462,20.22787880897522
-0.074433,20.249178886413574
-0.06079400000000001,20.270472764968872
-0.071913,20.29170274734497
-0.063166,20.313118934631348
-0.052936000000000004,20.33413076400757
-0.098598,20.355525970458984
-0.044041000000000004,20.37655782699585
-0.053233,20.39751386642456
-0.049823,20.418490648269653
-0.063462,20.439854860305786
-0.07887999999999999,20.461161851882935
-0.068503,20.482332706451416
-0.100525,20.503546714782715
-0.087627,20.52492380142212
-0.079325,20.545955657958984
-0.06361,20.56695294380188
-0.044338,20.587997674942017
-0.059096,20.608914852142334
-0.082075,20.62979292869568
-0.064581,20.650638818740845
-0.094528,20.671482801437378
-0.056724000000000004,20.692396879196167
-0.063544,20.713239669799805
-0.06636,20.734079837799072
-0.040713,20.75492286682129
-0.0757,20.775866985321045
-0.07332799999999999,20.797011852264404
-0.070363,20.81819987297058
-0.1012,20.83938479423523
-0.054055,20.860615730285645
-0.057021,20.881833791732788
-0.067102,20.9030499458313
-0.051089999999999997,20.924266815185547
-0.09942100000000001,20.945578813552856
-0.060726999999999996,20.966559886932373
-0.049608,20.98746371269226
-0.051089999999999997,21.008551836013794
-0.058058000000000005,21.029722690582275
-0.074514,21.05093264579773
-0.059541,21.07226276397705
-0.08163,21.09357786178589
-0.041899,21.11440372467041
-0.055389999999999995,21.135137796401978
-0.057762,21.156031847000122
-0.056428,21.176830768585205
-0.063544,21.197603702545166
-0.057169000000000005,21.21833086013794
-0.027222000000000003,21.239214658737183
-0.081482,21.260424852371216
-0.069918,21.281831741333008
-0.052721000000000004,21.303225994110107
-0.073032,21.32461190223694
-0.061913,21.345943927764893
-0.068139,21.36727786064148
-0.063247,21.388409852981567
-0.054797000000000005,21.409711837768555
-0.094084,21.43071484565735
-0.040416,21.451964855194092
-0.061913,21.47322177886963
-0.07925800000000001,21.494609832763672
-0.080148,21.515915632247925
-0.060875,21.53715181350708
-0.059837,21.558392763137817
-0.092601,21.579447746276855
-0.081037,21.600523710250854
-0.074514,21.62156081199646
-0.07080800000000001,21.642915725708008
-0.061172000000000004,21.664143800735474
-0.059986000000000005,21.68553590774536
-0.079703,21.706931829452515
-0.055389999999999995,21.728376865386963
-0.03582,21.74976372718811
-0.047088,21.770997762680054
-0.076293,21.792332649230957
-0.077331,21.813416957855225
-0.06621200000000001,21.834803819656372
-0.063247,21.85590386390686
-0.053462,21.87703585624695
-0.056724000000000004,21.898186922073364
-0.072587,21.91946268081665
-0.049311,21.9403657913208
-0.06250599999999999,21.961212873458862
-0.108761,21.982053756713867
-0.084595,22.002975940704346
-0.08266799999999999,22.024330854415894
-0.062209,22.045690774917603
-0.048274,22.066675901412964
-0.037451,22.088064670562744
-0.07140099999999999,22.109033823013306
-0.05791,22.129917860031128
-0.047681,22.150855779647827
-0.070363,22.1718327999115
-0.062951,22.192741870880127
-0.060726999999999996,22.213600873947144
-0.06725,22.234428882598877
-0.066509,22.2553768157959
-0.040268,22.27638077735901
-0.067628,22.29719877243042
-0.074892,22.31800675392151
-0.055323000000000004,22.338879823684692
-0.08438,22.35966992378235
-0.09297899999999999,22.380282640457153
-0.065552,22.40089178085327
-0.068517,22.421489715576172
-0.06155,22.442031621932983
-0.07682,22.462644815444946
-0.06407,22.483227729797363
-0.04791,22.503780841827393
-0.06407,22.524301767349243
-0.072668,22.54483675956726
-0.07281699999999999,22.56543493270874
-0.067628,22.585996866226196
-0.086011,22.60654067993164
-0.07459600000000001,22.62700581550598
-0.06940700000000001,22.647547721862793
-0.071779,22.6681387424469
-0.066294,22.688633918762207
-0.043907999999999996,22.70917272567749
-0.055768,22.729692935943604
-0.066294,22.75022268295288
-0.062587,22.77073884010315
-0.072372,22.79131269454956
-0.076375,22.812078714370728
-0.078895,22.832653760910034
-0.051913,22.853259801864624
-0.086604,22.874032735824585
-0.07607799999999999,22.894935846328735
-0.063329,22.915693759918213
-0.058880999999999996,22.93655776977539
-0.07978500000000001,22.95730471611023
-0.08438,22.977996826171875
-0.056361,22.99868083000183
-0.0912,23.01947784423828
-0.052506,23.040347814559937
-0.075041,23.061510801315308
-0.06318,23.082729816436768
-0.07133400000000001,23.103692770004272
-0.050816,23.124448776245117
-0.087434,23.145148754119873
-0.059711,23.16583490371704
-0.043848000000000005,23.186494827270508
-0.078688,23.207151889801025
-0.052299,23.22781777381897
-0.070237,23.24846887588501
-0.062676,23.269118785858154
-0.052743,23.289788722991943
-0.057636,23.310463666915894
-0.053780999999999995,23.33113169670105
-0.070237,23.351884841918945
-0.042069,23.37256383895874
-0.07157100000000001,23.393232822418213
-0.040142000000000004,23.414206743240356
-0.079577,23.435269832611084
-0.07587100000000001,23.456427812576294
-0.069348,23.4775447845459
-0.067124,23.498660802841187
-0.042513999999999996,23.519909858703613
-0.062528,23.541099786758423
-0.045479,23.562054872512817
-0.053929,23.5829918384552
-0.073054,23.603866815567017
-0.038511000000000004,23.624696731567383
-0.088324,23.64553165435791
-0.08061499999999999,23.666310787200928
-0.06579,23.687152862548828
-0.088176,23.707979679107666
-0.07735299999999999,23.728803873062134
-0.066383,23.74968981742859
-0.047702999999999995,23.770577907562256
-0.075129,23.791478872299194
-0.07735299999999999,23.81263494491577
-0.054671000000000004,23.833823680877686
-0.078836,23.85495376586914
-0.09232699999999999,23.87599277496338
-0.06415900000000001,23.89704179763794
-0.052447,23.91798973083496
-0.080763,23.93896794319153
-0.06155700000000001,23.959985733032227
-0.07682699999999999,23.9809787273407
-0.057701999999999996,24.001921892166138
-0.064819,24.022886753082275
-0.055626999999999996,24.04416275024414
-0.049104,24.065215826034546
-0.069414,24.08613681793213
-0.072528,24.107072830200195
-0.08290499999999999,24.12799382209778
-0.081423,24.14884877204895
-0.045694,24.16965675354004
-0.044211,24.190820693969727
-0.07430700000000001,24.21207284927368
-0.079496,24.233264684677124
-0.079199,24.25446891784668
-0.067784,24.27574396133423
-0.071786,24.29695987701416
-0.09698899999999999,24.31795573234558
-0.08053300000000001,24.339009761810303
-0.05874,24.360256671905518
-0.081868,24.38138484954834
-0.08290499999999999,24.402450799942017
-0.066005,24.423736810684204
-0.055923,24.44509482383728
-0.066598,24.46620488166809
-0.06808,24.487621784210205
-0.06511499999999999,24.508972644805908
-0.08290499999999999,24.530333995819092
-0.06467,24.55176568031311
-0.09269,24.5731258392334
-0.070007,24.59448266029358
-0.058888,24.61591076850891
-0.069859,24.63739275932312
-0.066598,24.65877366065979
-0.062447,24.68015193939209
-0.07742,24.701146841049194
-0.053551,24.722498655319214
-0.057258,24.743939638137817
-0.043767,24.764912843704224
-0.07149,24.785733938217163
-0.03327,24.806464672088623
-0.072113,24.82732892036438
-0.07745,24.84816884994507
-0.06188300000000001,24.869008779525757
-0.055212,24.88985776901245
-0.059659000000000004,24.91071081161499
-0.06662699999999999,24.93155574798584
-0.038904,24.95246386528015
-0.041868999999999996,24.973304748535156
-0.027785,24.994146823883057
-0.061438,25.01498770713806
-0.095685,25.035844802856445
-0.04261,25.05676794052124
-0.069741,25.07795763015747
-0.08931,25.099169731140137
-0.06381,25.120115756988525
-0.072409,25.14094591140747
-0.029268000000000002,25.1617648601532
-0.070482,25.18259882926941
-0.047354,25.20344066619873
-0.053729,25.22428274154663
-0.089013,25.24511694908142
-0.038607999999999996,25.26595377922058
-0.060400999999999996,25.28679394721985
-0.06129,25.307706832885742
-0.054915,25.328539848327637
-0.082638,25.349369764328003
-0.04261,25.370216846466064
-0.049578,25.39105486869812
-0.055064,25.41191077232361
-0.081749,25.43274998664856
-0.044834,25.453582763671875
-0.060845,25.47442889213562
-0.067813,25.495271682739258
-0.047503,25.51612377166748
-0.080415,25.536964654922485
-0.065589,25.557804822921753
-0.065886,25.578643798828125
-0.063514,25.599483966827393
-0.071371,25.62040090560913
-0.093898,25.641244888305664
-0.0386,25.66208577156067
-0.067509,25.682931661605835
-0.064693,25.70384192466736
-0.057428,25.724676847457886
-0.054908000000000005,25.74552273750305
-0.066175,25.76636576652527
-0.032077,25.78769278526306
-0.07432899999999999,25.808973789215088
-0.049719,25.830254793167114
-0.031484,25.851541996002197
-0.080852,25.872962713241577
-0.02422,25.8941547870636
-0.058021,25.915347814559937
-0.062172000000000005,25.936410903930664
-0.068399,25.9576199054718
-0.060837999999999996,25.978930711746216
-0.028074,26.000258922576904
-0.03267,26.02157497406006
-0.05624199999999999,26.04288387298584
-0.07625599999999999,26.064107656478882
-0.068102,26.085421800613403
-0.058021,26.106384754180908
-0.06439600000000001,26.12724781036377
-0.051052999999999994,26.14813780784607
-0.074922,26.16914677619934
-0.096122,26.1903018951416
-0.07848,26.211474895477295
-0.049867,26.232501745224
-0.060541,26.253333806991577
-0.060986,26.274154901504517
-0.078628,26.29496693611145
-0.073588,26.315847635269165
-0.05298099999999999,26.336532831192017
-0.07596,26.35711693763733
-0.076997,26.37769865989685
-0.066027,26.398295879364014
-0.075515,26.41894292831421
-0.063358,26.439721822738647
-0.079221,26.46070885658264
-0.01886,26.48170280456543
-0.060815999999999995,26.502707719802856
-0.065412,26.523727893829346
-0.064226,26.544793844223022
-0.06155700000000001,26.565781831741333
-0.029089999999999998,26.586992979049683
-0.063039,26.6081326007843
-0.067339,26.629170894622803
-0.069859,26.650198698043823
-0.05829500000000001,26.671223640441895
-0.050586,26.692522764205933
-0.062595,26.71368169784546
-0.07816100000000001,26.734684944152832
-0.091652,26.7557156085968
-0.047473,26.77658772468567
-0.090614,26.79742980003357
-0.051179,26.818256855010986
-0.09046599999999999,26.839249849319458
-0.065856,26.860379695892334
-0.08853899999999999,26.881287813186646
-0.062446,26.902272701263428
-0.053551,26.92326784133911
-0.068377,26.944577932357788
-0.07297200000000001,26.965585947036743
-0.066449,26.986809968948364
-0.079051,27.00793170928955
-0.070156,27.029072761535645
-0.063929,27.0500066280365
-0.06556000000000001,27.07090997695923
-0.07875399999999999,27.09192681312561
-0.052069000000000004,27.112886905670166
-0.053848,27.13373589515686
-0.048214,27.154552936553955
-0.083647,27.17538070678711
-0.06556000000000001,27.196207761764526
-0.051772000000000006,27.217033863067627
-0.057258,27.237937688827515
-0.062891,27.258885860443115
-0.07149,27.279866933822632
-0.069563,27.300646781921387
-0.088183,27.321382761001587
-0.063573,27.342291831970215
-0.07350599999999999,27.363056659698486
-0.076026,27.383683919906616
-0.068021,27.40421986579895
-0.061349,27.42474389076233
-0.072617,27.44526982307434
-0.047264999999999995,27.465797662734985
-0.051861000000000004,27.486325979232788
-0.078102,27.50691795349121
-0.067724,27.527456760406494
-0.058977,27.548072814941406
-0.085515,27.56882071495056
-0.087145,27.58945083618164
-0.042966000000000004,27.609991788864136
-0.08136399999999999,27.630533933639526
-0.066538,27.651047706604004
-0.085366,27.671525955200195
-0.059570000000000005,27.692123651504517
-0.061052999999999996,27.712641954421997
-0.072765,27.73310089111328
-0.081957,27.753599882125854
-0.05556799999999999,27.774160861968994
-0.06965199999999999,27.794691801071167
-0.09663300000000001,27.81537890434265
-0.06505599999999999,27.83599066734314
-0.078547,27.856778860092163
-0.077064,27.877399921417236
-0.065945,27.89843487739563
-0.055419,27.919511795043945
-0.065204,27.940430879592896
-0.050526999999999996,27.961466789245605
-0.073951,27.9826397895813
-0.063128,28.003894805908203
-0.063425,28.025080680847168
-0.062387,28.04628276824951
-0.067873,28.06756281852722
-0.06727999999999999,28.088820695877075
-0.099747,28.10991883277893
-0.095003,28.130680799484253
-0.074781,28.151378870010376
-0.08293500000000001,28.172070741653442
-0.05284,28.192752838134766
-0.041868999999999996,28.213420867919922
-0.086938,28.234097719192505
-0.062030999999999996,28.254775762557983
-0.036087,28.275434970855713
-0.056546000000000006,28.296108961105347
-0.10117000000000001,28.31677269935608
-0.08026599999999999,28.33783483505249
-0.075226,28.359115839004517
-0.085603,28.380391836166382
-0.091978,28.40167498588562
-0.07063,28.42284870147705
-0.099687,28.44420886039734
-0.054174,28.465417861938477
-0.090348,28.486780643463135
-0.069741,28.508086919784546
-0.076412,28.52927279472351
-0.074188,28.550472736358643
-0.087383,28.571693897247314
-0.057584,28.592979669570923
-0.068999,28.614274978637695
-0.094499,28.63555383682251
-0.064552,28.656558990478516
-0.052988,28.677409887313843
-0.067517,28.698230743408203
-0.075522,28.719305753707886
-0.07656,28.740166902542114
-0.09701900000000001,28.760998725891113
-0.096426,28.781821727752686
-0.078932,28.802486896514893
-0.075226,28.823238849639893
-0.069148,28.844132661819458
-0.08100800000000001,28.86512780189514
-0.07152,28.88618493080139
-0.067665,28.907168865203857
-0.047503,28.9284188747406
-0.036680000000000004,28.94952082633972
-0.092571,28.970507621765137
-0.091771,28.991440773010254
-0.071015,29.01263165473938
-0.081838,29.033601760864258
-0.080207,29.054694890975952
-0.049074,29.07569980621338
-0.044627,29.0966477394104
-0.049222,29.117588758468628
-0.10585499999999999,29.13844394683838
-0.056487,29.159265756607056
-0.08421000000000001,29.180100917816162
-0.067754,29.200931787490845
-0.100073,29.22174382209778
-0.086434,29.242889642715454
-0.05678300000000001,29.2641499042511
-0.052187,29.28509783744812
-0.059007000000000004,29.30614471435547
-0.073536,29.32731795310974
-0.082579,29.348504781723022
-0.08421000000000001,29.369581699371338
-0.093846,29.390679836273193
-0.082727,29.41190195083618
-0.081245,29.432963848114014
-0.06656799999999999,29.453855752944946
-0.072943,29.47502589225769
-0.055597,29.49632978439331
-0.075018,29.517250776290894
-0.06805,29.53840184211731
-0.058859,29.55975890159607
-0.073091,29.58096694946289
-0.058710000000000005,29.60227870941162
-0.069978,29.623347759246826
-0.063306,29.64466381072998
-0.070719,29.66563582420349
-0.06730900000000001,29.6868097782135
-0.045961,29.70818066596985
-0.05470800000000001,29.72947597503662
-0.08554400000000001,29.75097370147705
-0.06805,29.7719669342041
-0.071757,29.79288673400879
-0.071608,29.813730716705322
-0.06957,29.83457374572754
-0.061416,29.85541796684265
-0.06749400000000001,29.876259803771973
-0.060971000000000004,29.897100925445557
-0.051927999999999995,29.9179368019104
-0.048222,29.938745737075806
-0.051187,29.959654808044434
-0.064974,29.980464696884155
-0.059044000000000006,30.001307725906372
-0.072238,30.022150993347168
-0.07372100000000001,30.04299283027649
-0.070015,30.063835859298706
-0.054596000000000006,30.0846848487854
-0.084543,30.10550570487976
-0.062602,30.12633776664734
-0.064381,30.1471688747406
-0.076538,30.16842484474182
-0.074907,30.189618825912476
-0.070608,30.21080780029297
-0.051187,30.232067823410034
-0.072683,30.25326371192932
-0.06867999999999999,30.274455785751343
-0.076834,30.295742988586426
-0.08825,30.316990613937378
-0.077872,30.338204860687256
-0.057710000000000004,30.35928773880005
-0.07757599999999999,30.380499839782715
-0.049852,30.401715755462646
-0.063195,30.422698736190796
-0.076241,30.443615674972534
-0.078317,30.46444582939148
-0.087508,30.48549485206604
-0.050297,30.506678819656372
-0.078762,30.527877807617188
-0.064085,30.549065828323364
-0.096997,30.57024884223938
-0.066457,30.591421842575073
-0.059191999999999995,30.61268973350525
-0.058896000000000004,30.6338849067688
-0.051630999999999996,30.655149936676025
-0.080874,30.67643165588379
-0.061600999999999996,30.697710752487183
-0.06175,30.71896481513977
-0.067087,30.740265607833862
-0.085766,30.76155996322632
-0.07509199999999999,30.78283166885376
-0.05404,30.80430769920349
-0.099702,30.825623750686646
-0.077464,30.846933841705322
-0.068866,30.868260860443115
-0.082505,30.889577865600586
-0.064122,30.910886764526367
-0.09184500000000001,30.932270765304565
-0.063529,30.953574895858765
-0.082208,30.974889755249023
-0.08013300000000001,30.996264696121216
-0.085766,31.01757788658142
-0.081615,31.03896188735962
-0.052410000000000005,31.06001091003418
-0.063084,31.081294775009155
-0.07094099999999999,31.102577924728394
-0.078206,31.12353777885437
-0.059378,31.144469738006592
-0.063825,31.16532874107361
-0.065308,31.186226844787598
-0.043366,31.206848621368408
-0.085025,31.227388858795166
-0.07361000000000001,31.248490810394287
-0.051075,31.269423723220825
-0.046183,31.29028081893921
-0.051372,31.31109070777893
-0.07272,31.33194065093994
-0.06990299999999999,31.352757692337036
-0.08784199999999999,31.373746871948242
-0.049,31.394754886627197
-0.07612999999999999,31.415960788726807
-0.084284,31.437168836593628
-0.096737,31.458154678344727
-0.052113,31.479373693466187
-0.089473,31.500590801239014
-0.050786000000000005,31.521808862686157
-0.056123,31.543023824691772
-0.055679,31.564188718795776
-0.078361,31.585408926010132
-0.056865,31.606628894805908
-0.055975,31.627914667129517
-0.080881,31.649191856384277
-0.048266,31.67040181159973
-0.077175,31.691696882247925
-0.045745999999999995,31.71290683746338
-0.065167,31.73411798477173
-0.066649,31.7553288936615
-0.072728,31.776545763015747
-0.067687,31.797760725021362
-0.07584099999999999,31.818975925445557
-0.101637,31.84025764465332
-0.071986,31.86134386062622
-0.11364500000000001,31.88260769844055
-0.073024,31.90389394760132
-0.080585,31.924816846847534
-0.091407,31.94570779800415
-0.062498000000000005,31.966571807861328
-0.06146,31.987409830093384
-0.052121,32.008251905441284
-0.073469,32.0290949344635
-0.08355,32.04993772506714
-0.085774,32.070780754089355
-0.10400899999999999,32.091697692871094
-0.073617,32.11251473426819
-0.074062,32.133349895477295
-0.061015999999999994,32.154191970825195
-0.059978,32.17504286766052
-0.035961,32.195905685424805
-0.057901999999999995,32.21675896644592
-0.064277,32.23761463165283
-0.07257899999999999,32.258461713790894
-0.053603,32.27931475639343
-0.08236399999999999,32.300182819366455
-0.069614,32.321032762527466
-0.07169,32.341840744018555
-0.06354299999999999,32.36266875267029
-0.046494,32.38349771499634
-0.07140099999999999,32.40440273284912
-0.065471,32.42522978782654
-0.051089999999999997,32.4460608959198
-0.059541,32.46689486503601
-0.077331,32.48779082298279
-0.07747899999999999,32.50861978530884
-0.055982000000000004,32.52944779396057
-0.060134,32.55027675628662
-0.089784,32.57110571861267
-0.063395,32.592018842697144
-0.062061,32.61285185813904
-0.071549,32.633697748184204
-0.059096,32.65453767776489
-0.06250599999999999,32.6753888130188
-0.05613099999999999,32.69622492790222
-0.045457,32.717063665390015
-0.06636,32.737902879714966
-0.07421799999999999,32.75874590873718
-0.070363,32.7799117565155
-0.063395,32.801206827163696
-0.067694,32.822189807891846
-0.040119999999999996,32.84365272521973
-0.066064,32.8648419380188
-0.07911,32.88592886924744
-0.073921,32.90687584877014
-0.073476,32.927971839904785
-0.097197,32.94926476478577
-0.062654,32.97046375274658
-0.058058000000000005,32.9917528629303
-0.049163,33.01297974586487
-0.05494500000000001,33.03430390357971
-0.057169000000000005,33.05554485321045
-0.063247,33.07684683799744
-0.065322,33.09816384315491
-0.072142,33.11913275718689
-0.06250599999999999,33.1399929523468
-0.07510700000000001,33.160823822021484
-0.06665700000000001,33.18167972564697
-0.056546000000000006,33.20252275466919
-0.086789,33.22335195541382
-0.10042899999999999,33.24417495727539
-0.064403,33.264978885650635
-0.093164,33.28581976890564
-0.062921,33.30665993690491
-0.072854,33.32750082015991
-0.08338,33.34838080406189
-0.050023000000000005,33.36921977996826
-0.042017,33.39004874229431
-0.07315,33.41089200973511
-0.068406,33.431806802749634
-0.068703,33.45265293121338
-0.093461,33.47350287437439
-0.062476,33.49434185028076
-0.06855399999999999,33.51518487930298
-0.09790800000000001,33.53609490394592
-0.064848,33.55691695213318
-0.07359500000000001,33.57775282859802
-0.06129,33.5985906124115
-0.053136,33.61943173408508
-0.08249,33.64027786254883
-0.063959,33.661115646362305
-0.057287,33.68196177482605
-0.05254299999999999,33.70280575752258
-0.08426900000000001,33.72374200820923
-0.073447,33.74457883834839
-0.068406,33.765413761138916
-0.051061,33.78625273704529
-0.057435,33.80709195137024
-0.090347,33.828003883361816
-0.041276,33.8489089012146
-0.048688999999999996,33.869725942611694
-0.0604,33.890575885772705
-0.07255700000000001,33.91141891479492
-0.071371,33.93226170539856
-0.048244,33.95315670967102
-0.083231,33.973999977111816
-0.054026,33.99483275413513
-0.08931,34.01605582237244
-0.04049,34.0370888710022
-0.075774,34.05838966369629
-0.066286,34.07938575744629
-0.044641,34.10029578208923
-0.08971,34.12128162384033
-0.066286,34.14227366447449
-0.044196,34.16314768791199
-0.076071,34.1839919090271
-0.07192,34.20481276512146
-0.09208200000000001,34.2256338596344
-0.079925,34.24645280838013
-0.06124500000000001,34.26730275154114
-0.083483,34.28808259963989
-0.091785,34.308870792388916
-0.07192,34.32956290245056
-0.083187,34.35027074813843
-0.06450700000000001,34.37129282951355
-0.083039,34.39229393005371
-0.078887,34.413445711135864
-0.07103,34.4346227645874
-0.054722,34.45580291748047
-0.087931,34.47690272331238
-0.067472,34.497875928878784
-0.067324,34.518977880477905
-0.051461,34.54029679298401
-0.052499000000000004,34.561511754989624
-0.07785,34.582815647125244
-0.084225,34.60426473617554
-0.061689999999999995,34.625521659851074
-0.045086,34.646838665008545
-0.048792,34.66789770126343
-0.078443,34.68923878669739
-0.069992,34.710227727890015
-0.090303,34.73129987716675
-0.088227,34.75232982635498
-0.06450700000000001,34.77318978309631
-0.038563,34.79403495788574
-0.090155,34.81487584114075
-0.07636699999999999,34.83599781990051
-0.074588,34.85698986053467
-0.06596,34.878156661987305
-0.074559,34.89934587478638
-0.074262,34.92033386230469
-0.029935000000000003,34.941595792770386
-0.053062,34.962618827819824
-0.090273,34.98387265205383
-0.100354,35.00486469268799
-0.050097,35.02574872970581
-0.076041,35.04673886299133
-0.096648,35.067789793014526
-0.061661,35.08872985839844
-0.092052,35.10952281951904
-0.052321000000000006,35.13025879859924
-0.060475,35.15105891227722
-0.089087,35.171849966049194
-0.055879,35.192421674728394
-0.05246900000000001,35.21304988861084
-0.041943,35.233595848083496
-0.090422,35.254135847091675
-0.05469299999999999,35.27472972869873
-0.020002000000000002,35.29526090621948
-0.049504,35.31590676307678
-0.054988999999999996,35.33645272254944
-0.05914,35.35703778266907
-0.065515,35.377965688705444
-0.077375,35.39854669570923
-0.07782,35.41902780532837
-0.05276599999999999,35.4395067691803
-0.079451,35.460040807724
-0.096945,35.480477809906006
-0.08641900000000001,35.50102496147156
-0.06818400000000001,35.521565675735474
-0.034234,35.54207491874695
-0.065663,35.562689781188965
-0.084195,35.58323788642883
-0.060475,35.603808879852295
-0.070408,35.624361753463745
-0.057954,35.644939661026
-0.036903,35.66553068161011
-0.093387,35.68643069267273
-0.055775,35.70716381072998
-0.067339,35.72782588005066
-0.092986,35.74851083755493
-0.064818,35.769402742385864
-0.078458,35.790260791778564
-0.054292999999999994,35.811097860336304
-0.042432,35.83208775520325
-0.068228,35.85291290283203
-0.055626999999999996,35.873881816864014
-0.044360000000000004,35.89487171173096
-0.06556000000000001,35.9159197807312
-0.059037,35.93685483932495
-0.07742,35.95775890350342
-0.075937,35.97861886024475
-0.071935,35.99945282936096
-0.063484,36.020334005355835
-0.066597,36.04115176200867
-0.05533,36.061967849731445
-0.047175999999999996,36.082740783691406
-0.054737,36.10337281227112
-0.042581,36.12401580810547
-0.04688,36.1446967124939
-0.021677000000000002,36.16543984413147
-0.066449,36.186325788497925
-0.06719,36.20743680000305
-0.088391,36.22862267494202
-0.051327,36.24968385696411
-0.078309,36.27066373825073
-0.075789,36.29194188117981
-0.069266,36.31284999847412
-0.078606,36.33394980430603
-0.055182,36.35493493080139
-0.05948099999999999,36.375908851623535
-0.079792,36.39696192741394
-0.064374,36.41820001602173
-0.071638,36.43945288658142
-0.072824,36.46051383018494
-0.047621,36.4814088344574
-0.06378099999999999,36.502434968948364
-0.070749,36.52370882034302
-0.050342000000000005,36.544920682907104
-0.090518,36.56616568565369
-0.05656799999999999,36.587363719940186
-0.071838,36.608579874038696
-0.052862,36.629894733428955
-0.06917000000000001,36.651158809661865
-0.047080000000000004,36.672414779663086
-0.073617,36.693522691726685
-0.075396,36.71451377868652
-0.08088200000000001,36.7356379032135
-0.07762000000000001,36.75681471824646
-0.043522000000000005,36.77795481681824
-0.07421,36.799049854278564
-0.082957,36.820247650146484
-0.049156,36.84156084060669
-0.017726,36.86279582977295
-0.05894,36.88399076461792
-0.056123,36.90536689758301
-0.08206799999999999,36.92667365074158
-0.065612,36.947802782058716
-0.057901999999999995,36.96911883354187
-0.06487000000000001,36.99031972885132
-0.058495000000000005,37.01170587539673
-0.074062,37.03267693519592
-0.08206799999999999,37.053757667541504
-0.084143,37.07478594779968
-0.06487000000000001,37.09570097923279
-0.069911,37.11651563644409
-0.088146,37.13733887672424
-0.062054,37.15829062461853
-0.086515,37.17902088165283
-0.080733,37.199798822402954
-0.046042,37.22051191329956
-0.056123,37.241363763809204
-0.042631999999999996,37.26227879524231
-0.050045,37.283143758773804
-0.081178,37.304226875305176
-0.07851,37.32525277137756
-0.081919,37.346431732177734
-0.075248,37.367368936538696
-0.050601,37.38830089569092
-0.07535900000000001,37.40932083129883
-0.06854,37.43031573295593
-0.069874,37.45116686820984
-0.056531,37.4720618724823
-0.053270000000000005,37.492870807647705
-0.042595,37.514015674591064
-0.047932,37.53516983985901
-0.065575,37.55638885498047
-0.065871,37.57761192321777
-0.075211,37.59879779815674
-0.054604,37.62001180648804
-0.07728600000000001,37.64122772216797
-0.089147,37.66244578361511
-0.098635,37.68373775482178
-0.065871,37.70472979545593
-0.08974,37.726040840148926
-0.073877,37.7473566532135
-0.055049,37.76840376853943
-0.059644,37.789485931396484
-0.079658,37.81069779396057
-0.068688,37.83175182342529
-0.068984,37.85275077819824
-0.06364700000000001,37.87387275695801
-0.063795,37.895073652267456
-0.051787,37.91606092453003
-0.074173,37.93712782859802
-0.067354,37.95833778381348
-0.05831,37.979721784591675
-0.096559,38.001035928726196
-0.069726,38.02235174179077
-0.07728600000000001,38.0437388420105
-0.082179,38.064711809158325
-0.087219,38.08598589897156
-0.057124,38.1072998046875
-0.08707100000000001,38.12821578979492
-0.063499,38.14897179603577
-0.058162,38.16981387138367
-0.037555,38.19100880622864
-0.085885,38.21224284172058
-0.077071,38.23346185684204
-0.047421,38.25473690032959
-0.082557,38.2760226726532
-0.066101,38.29723787307739
-0.090266,38.318453788757324
-0.074403,38.339759826660156
-0.057353999999999995,38.360862731933594
-0.075737,38.38204574584961
-0.084781,38.40326285362244
-0.062098,38.4244749546051
-0.070252,38.44569277763367
-0.064618,38.46702265739441
-0.08300199999999999,38.48832178115845
-0.046087,38.509421825408936
-0.076182,38.530608892440796
-0.069659,38.551870822906494
-0.083446,38.572813749313354
-0.053203,38.594021797180176
-0.076923,38.61523485183716
-0.088487,38.636446714401245
-0.095603,38.657660722732544
-0.074848,38.678897857666016
-0.063284,38.700159788131714
-0.069511,38.72137784957886
-0.075589,38.742589712142944
-0.05928099999999999,38.76391077041626
-0.068325,38.78509569168091
-0.034968,38.80629277229309
-0.05720599999999999,38.82750582695007
-0.049497,38.848793745040894
-0.054982,38.87000370025635
-0.072624,38.89120674133301
-0.072476,38.912418842315674
-0.05720599999999999,38.93339276313782
-0.066694,38.954564809799194
-0.088339,38.97584581375122
-0.05513,38.99682068824768
-0.06802799999999999,39.017669916152954
-0.067732,39.03883671760559
-0.057799,39.05993986129761
-0.050824,39.08090090751648
-0.065352,39.10198497772217
-0.047414,39.12296795845032
-0.05438200000000001,39.143770694732666
-0.04267,39.164602756500244
-0.048303,39.18567371368408
-0.05705,39.20660376548767
-0.072024,39.22751975059509
-0.095003,39.248472690582275
-0.074396,39.269370794296265
-0.083143,39.29026174545288
-0.031402,39.311431646347046
-0.063721,39.33248782157898
-0.092334,39.35345983505249
-0.074692,39.3746919631958
-0.037481,39.395779848098755
-0.08744199999999999,39.41692495346069
-0.074544,39.43806791305542
-0.07750900000000001,39.45939779281616
-0.043559,39.48062491416931
-0.075285,39.50183963775635
-0.036739999999999995,39.52305579185486
-0.04771,39.54427170753479
-0.052751,39.56543779373169
-0.074989,39.586729764938354
-0.070838,39.60803484916687
-0.089962,39.62933588027954
-0.067131,39.65062975883484
-0.049637,39.671913862228394
-0.073654,39.69304275512695
-0.072172,39.71432375907898
-0.058977,39.73568391799927
-0.065649,39.7568519115448
-0.074544,39.77784490585327
-0.070393,39.79875898361206
-0.06209099999999999,39.81974482536316
-0.063425,39.84069275856018
-0.034664,39.86195993423462
-0.065945,39.88315486907959
-0.079733,39.90435981750488
-0.040898000000000004,39.92527794837952
-0.043122,39.9467339515686
-0.068325,39.968132734298706
-0.071142,39.98935389518738
-0.084188,40.01073884963989
-0.055872000000000005,40.03211784362793
-0.066694,40.0531268119812
-0.067139,40.07440662384033
-0.047866000000000006,40.095884799957275
-0.038971,40.11728072166443
-0.055872000000000005,40.13818883895874
-0.07499600000000001,40.15899991989136
-0.086115,40.17978572845459
-0.062543,40.20055389404297
-0.062098,40.221311807632446
-0.069511,40.242069721221924
-0.07128999999999999,40.26282596588135
-0.050535000000000004,40.28385663032532
-0.087449,40.30503582954407
-0.055872000000000005,40.32624077796936
-0.047125,40.34771990776062
-0.069066,40.36910581588745
-0.08492899999999999,40.390132665634155
-0.048311,40.41130185127258
-0.06788,40.43260669708252
-0.07914700000000001,40.45391273498535
-0.066101,40.475218772888184
-0.063433,40.49643588066101
-0.047866000000000006,40.517746686935425
-0.056464999999999994,40.539055824279785
-0.063136,40.56036567687988
-0.06877,40.58167266845703
-0.07306900000000001,40.60297870635986
-0.070104,40.62425088882446
-0.052758000000000006,40.64555883407593
-0.057947000000000005,40.66687369346619
-0.062098,40.68825387954712
-0.062098,40.709571838378906
-0.060912,40.730881690979004
-0.061357,40.75226974487305
-0.05201,40.773284912109375
-0.045931,40.794463872909546
-0.085515,40.815823793411255
-0.069503,40.83712983131409
-0.074099,40.8584349155426
-0.046524,40.87936973571777
-0.047117,40.90067172050476
-0.05645700000000001,40.921581745147705
-0.049638,40.942548751831055
-0.04267,40.96354866027832
-0.078695,40.9849066734314
-0.060163999999999995,41.00619196891785
-0.061498000000000004,41.02749681472778
-0.066094,41.04892086982727
-0.08729400000000001,41.07021188735962
-0.074396,41.09152793884277
-0.061201,41.11305379867554
-0.051417,41.13392782211304
-0.056013,41.15468788146973
-0.07750900000000001,41.17538785934448
-0.052453999999999994,41.19608688354492
-0.047414,41.21676468849182
-0.083143,41.237438678741455
-0.09574400000000001,41.258113861083984
-0.073358,41.27878785133362
-0.066242,41.29947376251221
-0.05971900000000001,41.320152759552
-0.064611,41.34082794189453
-0.06905900000000001,41.3615038394928
-0.05438200000000001,41.38217782974243
-0.08329099999999999,41.40284872055054
-0.056902,41.42352080345154
-0.049193,41.44426465034485
-0.057495000000000004,41.46493577957153
-0.07558200000000001,41.48600769042969
-0.061201,41.5071816444397
-0.07676799999999999,41.528475761413574
-0.063425,41.54979395866394
-0.067131,41.571101903915405
-0.071431,41.59241271018982
-0.044063,41.613645792007446
-0.07030399999999999,41.634957790374756
-0.053255,41.65616583824158
-0.068377,41.677528858184814
-0.06215,41.69861888885498
-0.044953,41.71998381614685
-0.07030399999999999,41.74129581451416
-0.08335,41.762375831604004
-0.091504,41.78335380554199
-0.064374,41.804667949676514
-0.093135,41.825883865356445
-0.072528,41.846887826919556
-0.10366099999999999,41.86809992790222
-0.06304,41.889368772506714
-0.08853899999999999,41.91027784347534
-0.065708,41.93124771118164
-0.06808,41.95247483253479
-0.060519,41.97345280647278
-0.079792,41.99458980560303
-0.066005,42.015899896621704
-0.09046599999999999,42.03711795806885
-0.058147000000000004,42.058334827423096
-0.09269,42.0795476436615
-0.07742,42.10062265396118
-0.101141,42.12136793136597
-0.07623400000000001,42.142053842544556
-0.054886000000000004,42.16277480125427
-0.069859,42.18344473838806
-0.027607,42.204261779785156
-0.051773,42.22512364387512
-0.066153,42.24597978591919
-0.06556000000000001,42.266822814941406
-0.05948200000000001,42.28773880004883
-0.057851,42.308592796325684
-0.047918,42.329450845718384
-0.041395,42.35029578208923
-0.059778,42.37113976478577
-0.082609,42.39238882064819
-0.060223,42.41368770599365
-0.056813,42.43485975265503
-0.048674,42.45620584487915
-0.061127,42.47750282287598
-0.074322,42.498610734939575
-0.065871,42.519917011260986
-0.076101,42.54107594490051
-0.083958,42.562378883361816
-0.074173,42.58376979827881
-0.075063,42.605050802230835
-0.06854,42.62627172470093
-0.083662,42.64768075942993
-0.06513,42.66898775100708
-0.044523,42.6903018951416
-0.061572,42.711697816848755
-0.10515799999999999,42.733001947402954
-0.05579,42.754314661026
-0.080104,42.775704860687256
-0.080993,42.79701566696167
-0.066613,42.81832981109619
-0.065427,42.839717864990234
-0.063796,42.86106276512146
-0.04141,42.88238167762756
-0.068688,42.90373492240906
-0.064092,42.92493176460266
-0.04052,42.94613170623779
-0.028067,42.967442989349365
-0.045412,42.98883581161499
-0.071505,43.01014471054077
-0.071357,43.03116989135742
-0.050305,43.05239200592041
-0.06261,43.073484897613525
-0.067354,43.0947687625885
-0.045412,43.11576700210571
-0.070022,43.13673782348633
-0.064685,43.157612800598145
-0.071505,43.17844295501709
-0.08292000000000001,43.199272871017456
-0.07195,43.220120906829834
-0.06602000000000001,43.240946769714355
-0.08129,43.261775970458984
-0.083217,43.28261089324951
-0.066197,43.30343770980835
-0.064122,43.32435369491577
-0.061602,43.345189809799194
-0.069163,43.366020917892456
-0.052707000000000004,43.38685083389282
-0.046035,43.40776181221008
-0.080874,43.428592920303345
-0.089621,43.449434757232666
-0.076575,43.4702627658844
-0.059378,43.49109673500061
-0.04559,43.5119948387146
-0.07183099999999999,43.53296089172363
-0.088732,43.55379390716553
-0.063677,43.57462501525879
-0.068273,43.595459938049316
-0.08354299999999999,43.61636686325073
-0.057747,43.63727283477783
-0.06338099999999999,43.65813684463501
-0.079095,43.67898774147034
-0.073907,43.69984769821167
-0.056413,43.720685720443726
-0.094958,43.74152183532715
-0.09703400000000001,43.76236081123352
-0.077761,43.783233880996704
-0.058044000000000005,43.804163694381714
-0.07183099999999999,43.82501697540283
-0.082357,43.84590673446655
-0.090956,43.866740703582764
-0.06323200000000001,43.887661933898926
-0.055227,43.90850472450256
-0.08295,43.92966985702515
-0.063084,43.95091986656189
-0.079688,43.97229194641113
-0.06842100000000001,43.99360179901123
-0.067087,44.0149188041687
-0.081023,44.03623676300049
-0.08206000000000001,44.05754780769348
-0.09822,44.07885766029358
-0.078799,44.100239753723145
-0.056264999999999996,44.12154984474182
-0.105581,44.142520904541016
-0.063181,44.163402795791626
-0.060660000000000006,44.18426775932312
-0.088087,44.20510983467102
-0.07341,44.22595977783203
-0.07593,44.24678587913513
-0.093572,44.267693758010864
-0.045835,44.2885468006134
-0.068518,44.30939292907715
-0.08037799999999999,44.330235958099365
-0.104395,44.35115575790405
-0.060660000000000006,44.37193775177002
-0.06955499999999999,44.392828702926636
-0.06155,44.413713693618774
-0.071186,44.434605836868286
-0.032048,44.455466985702515
-0.044649,44.47635889053345
-0.06347699999999999,44.49719786643982
-0.070297,44.51804280281067
-0.07133400000000001,44.538869857788086
-0.079933,44.559767961502075
-0.063181,44.58058476448059
-0.07785700000000001,44.60135078430176
-0.060066999999999995,44.622198820114136
-0.068369,44.643024921417236
-0.04969,44.663959980010986
-0.078599,44.684754848480225
-0.061252999999999995,44.70553493499756
-0.084825,44.72637486457825
-0.039312,44.74727177619934
-0.056954,44.768157720565796
-0.071779,44.788991928100586
-0.059029,44.809799909591675
-0.077709,44.83064293861389
-0.031306,44.85143780708313
-0.07934,44.872278690338135
-0.08630800000000001,44.89315176010132
-0.067925,44.914071798324585
-0.07593,44.934982776641846
-0.06614600000000001,44.956098794937134
-0.06301799999999999,44.976969718933105
-0.07280199999999999,44.9977388381958
-0.07636,45.01856470108032
-0.063907,45.03940176963806
-0.054715,45.060253858566284
-0.072506,45.08107876777649
-0.051899,45.101876974105835
-0.056198000000000005,45.12274765968323
-0.08199400000000001,45.143818855285645
-0.077546,45.16465878486633
-0.07146799999999999,45.185473680496216
-0.07042999999999999,45.20626974105835
-0.090296,45.22705578804016
-0.10423199999999999,45.24801683425903
-0.088517,45.26897382736206
-0.077843,45.28992176055908
-0.082883,45.310805797576904
-0.034405,45.33175086975098
-0.060201,45.35256791114807
-0.07042999999999999,45.3734028339386
-0.059904,45.39426279067993
-0.062127999999999996,45.41506385803223
-0.044782,45.43615174293518
-0.076657,45.45710897445679
-0.048489,45.478036880493164
-0.080808,45.49895095825195
-0.066131,45.51993680000305
-0.08303200000000001,45.540780782699585
-0.063462,45.56161093711853
-0.067169,45.58246374130249
-0.075026,45.60326790809631
-0.059459000000000005,45.6241397857666
-0.046858,45.64496469497681
-0.081401,45.66580271720886
-0.061238,45.68657684326172
-0.06479700000000001,45.7073929309845
-0.09162999999999999,45.72822189331055
-0.086293,45.7490508556366
-0.07472899999999999,45.769859790802
-0.087034,45.790690660476685
-0.071082,45.81151366233826
-0.050624,45.83242177963257
-0.090059,45.85358786582947
